{
    "Meta Data": {
        "1. Information": "Intraday (5min) open, high, low, close prices and volume",
        "2. Symbol": "IBM",
        "3. Last Refreshed": "2024-12-10 19:55:00",
        "4. Interval": "5min",
        "5. Output Size": "Compact",
        "6. Time Zone": "US/Eastern"
    },
    "Time Series (5min)": {
        "2024-12-10 19:55:00": {
            "1. open": "232.1873",
            "2. high": "232.2000",
            "3. low": "231.6500",
            "4. close": "232.2000",
            "5. volume": "118"
        },
        "2024-12-10 19:50:00": {
            "1. open": "232.1810",
            "2. high": "232.1810",
            "3. low": "232.1810",
            "4. close": "232.1810",
            "5. volume": "20"
        },
        "2024-12-10 19:45:00": {
            "1. open": "231.6500",
            "2. high": "232.0100",
            "3. low": "231.6500",
            "4. close": "232.0100",
            "5. volume": "14"
        },
        "2024-12-10 19:35:00": {
            "1. open": "232.0100",
            "2. high": "232.0100",
            "3. low": "231.7444",
            "4. close": "232.0100",
            "5. volume": "61"
        },
        "2024-12-10 19:30:00": {
            "1. open": "232.0100",
            "2. high": "232.2000",
            "3. low": "232.0000",
            "4. close": "232.2000",
            "5. volume": "19"
        },
        "2024-12-10 19:25:00": {
            "1. open": "232.0100",
            "2. high": "232.0100",
            "3. low": "231.8700",
            "4. close": "231.8700",
            "5. volume": "22"
        },
        "2024-12-10 19:20:00": {
            "1. open": "231.7543",
            "2. high": "231.7543",
            "3. low": "231.7543",
            "4. close": "231.7543",
            "5. volume": "37"
        },
        "2024-12-10 19:15:00": {
            "1. open": "232.2000",
            "2. high": "232.2000",
            "3. low": "231.7501",
            "4. close": "231.7501",
            "5. volume": "166"
        },
        "2024-12-10 19:10:00": {
            "1. open": "232.2000",
            "2. high": "232.2000",
            "3. low": "232.0500",
            "4. close": "232.0500",
            "5. volume": "15"
        },
        "2024-12-10 19:05:00": {
            "1. open": "232.2000",
            "2. high": "232.2000",
            "3. low": "232.2000",
            "4. close": "232.2000",
            "5. volume": "5"
        },
        "2024-12-10 19:00:00": {
            "1. open": "231.7200",
            "2. high": "232.2000",
            "3. low": "231.7200",
            "4. close": "232.2000",
            "5. volume": "587573"
        },
        "2024-12-10 18:55:00": {
            "1. open": "232.0400",
            "2. high": "232.2000",
            "3. low": "231.7300",
            "4. close": "232.2000",
            "5. volume": "2392"
        },
        "2024-12-10 18:50:00": {
            "1. open": "232.1500",
            "2. high": "232.1500",
            "3. low": "231.7500",
            "4. close": "232.0400",
            "5. volume": "65"
        },
        "2024-12-10 18:45:00": {
            "1. open": "231.7552",
            "2. high": "231.7552",
            "3. low": "231.7552",
            "4. close": "231.7552",
            "5. volume": "600"
        },
        "2024-12-10 18:40:00": {
            "1. open": "231.7301",
            "2. high": "232.0000",
            "3. low": "231.7301",
            "4. close": "232.0000",
            "5. volume": "540"
        },
        "2024-12-10 18:35:00": {
            "1. open": "231.9900",
            "2. high": "232.0100",
            "3. low": "231.9900",
            "4. close": "232.0100",
            "5. volume": "9"
        },
        "2024-12-10 18:30:00": {
            "1. open": "231.7200",
            "2. high": "232.1700",
            "3. low": "231.7200",
            "4. close": "232.1500",
            "5. volume": "588097"
        },
        "2024-12-10 18:25:00": {
            "1. open": "232.1710",
            "2. high": "232.1710",
            "3. low": "232.1700",
            "4. close": "232.1700",
            "5. volume": "12"
        },
        "2024-12-10 18:20:00": {
            "1. open": "232.0700",
            "2. high": "232.1788",
            "3. low": "232.0700",
            "4. close": "232.1788",
            "5. volume": "4"
        },
        "2024-12-10 18:15:00": {
            "1. open": "232.1800",
            "2. high": "232.1800",
            "3. low": "232.1600",
            "4. close": "232.1600",
            "5. volume": "21"
        },
        "2024-12-10 18:10:00": {
            "1. open": "232.1800",
            "2. high": "232.1800",
            "3. low": "232.1800",
            "4. close": "232.1800",
            "5. volume": "30"
        },
        "2024-12-10 18:05:00": {
            "1. open": "231.9800",
            "2. high": "232.1800",
            "3. low": "231.9800",
            "4. close": "232.1400",
            "5. volume": "475"
        },
        "2024-12-10 18:00:00": {
            "1. open": "232.0000",
            "2. high": "232.1800",
            "3. low": "231.7200",
            "4. close": "231.7600",
            "5. volume": "274"
        },
        "2024-12-10 17:55:00": {
            "1. open": "232.0000",
            "2. high": "232.0000",
            "3. low": "232.0000",
            "4. close": "232.0000",
            "5. volume": "23"
        },
        "2024-12-10 17:50:00": {
            "1. open": "231.9400",
            "2. high": "232.0000",
            "3. low": "231.9400",
            "4. close": "232.0000",
            "5. volume": "3"
        },
        "2024-12-10 17:45:00": {
            "1. open": "231.7600",
            "2. high": "231.7600",
            "3. low": "231.7600",
            "4. close": "231.7600",
            "5. volume": "1"
        },
        "2024-12-10 17:40:00": {
            "1. open": "232.1800",
            "2. high": "232.1800",
            "3. low": "231.7275",
            "4. close": "231.7275",
            "5. volume": "27"
        },
        "2024-12-10 17:35:00": {
            "1. open": "232.1800",
            "2. high": "232.1800",
            "3. low": "232.1800",
            "4. close": "232.1800",
            "5. volume": "1"
        },
        "2024-12-10 17:30:00": {
            "1. open": "231.7200",
            "2. high": "232.0000",
            "3. low": "231.7200",
            "4. close": "232.0000",
            "5. volume": "20"
        },
        "2024-12-10 17:25:00": {
            "1. open": "232.0000",
            "2. high": "232.0000",
            "3. low": "231.7700",
            "4. close": "232.0000",
            "5. volume": "67"
        },
        "2024-12-10 17:20:00": {
            "1. open": "232.0000",
            "2. high": "232.0000",
            "3. low": "232.0000",
            "4. close": "232.0000",
            "5. volume": "26"
        },
        "2024-12-10 17:15:00": {
            "1. open": "232.0000",
            "2. high": "232.1800",
            "3. low": "231.7300",
            "4. close": "232.0000",
            "5. volume": "1106"
        },
        "2024-12-10 17:10:00": {
            "1. open": "231.7300",
            "2. high": "232.1500",
            "3. low": "231.7300",
            "4. close": "232.0000",
            "5. volume": "32"
        },
        "2024-12-10 17:05:00": {
            "1. open": "232.1900",
            "2. high": "232.1900",
            "3. low": "231.8900",
            "4. close": "232.1500",
            "5. volume": "114"
        },
        "2024-12-10 17:00:00": {
            "1. open": "232.0000",
            "2. high": "232.1900",
            "3. low": "231.7202",
            "4. close": "231.7300",
            "5. volume": "112"
        },
        "2024-12-10 16:55:00": {
            "1. open": "232.1900",
            "2. high": "232.1900",
            "3. low": "231.7200",
            "4. close": "231.7600",
            "5. volume": "10"
        },
        "2024-12-10 16:50:00": {
            "1. open": "232.1500",
            "2. high": "232.1500",
            "3. low": "232.1500",
            "4. close": "232.1500",
            "5. volume": "4"
        },
        "2024-12-10 16:45:00": {
            "1. open": "232.1500",
            "2. high": "232.1900",
            "3. low": "231.7200",
            "4. close": "232.1900",
            "5. volume": "61"
        },
        "2024-12-10 16:40:00": {
            "1. open": "232.1500",
            "2. high": "232.1800",
            "3. low": "231.7200",
            "4. close": "232.1500",
            "5. volume": "53319"
        },
        "2024-12-10 16:35:00": {
            "1. open": "231.7300",
            "2. high": "232.1100",
            "3. low": "231.7300",
            "4. close": "232.1100",
            "5. volume": "13"
        },
        "2024-12-10 16:30:00": {
            "1. open": "231.8900",
            "2. high": "231.8900",
            "3. low": "231.6500",
            "4. close": "231.6500",
            "5. volume": "153"
        },
        "2024-12-10 16:25:00": {
            "1. open": "231.6200",
            "2. high": "232.2000",
            "3. low": "231.5000",
            "4. close": "232.0300",
            "5. volume": "139"
        },
        "2024-12-10 16:20:00": {
            "1. open": "231.8500",
            "2. high": "232.0000",
            "3. low": "231.5700",
            "4. close": "232.0000",
            "5. volume": "47"
        },
        "2024-12-10 16:15:00": {
            "1. open": "231.7200",
            "2. high": "232.0000",
            "3. low": "231.5000",
            "4. close": "231.5000",
            "5. volume": "204"
        },
        "2024-12-10 16:10:00": {
            "1. open": "231.7200",
            "2. high": "232.1900",
            "3. low": "231.7200",
            "4. close": "232.0000",
            "5. volume": "587638"
        },
        "2024-12-10 16:05:00": {
            "1. open": "231.7200",
            "2. high": "232.2000",
            "3. low": "231.5500",
            "4. close": "231.7200",
            "5. volume": "11625"
        },
        "2024-12-10 16:00:00": {
            "1. open": "231.7600",
            "2. high": "232.2000",
            "3. low": "230.3000",
            "4. close": "232.2000",
            "5. volume": "1339343"
        },
        "2024-12-10 15:55:00": {
            "1. open": "231.9600",
            "2. high": "232.2600",
            "3. low": "231.5900",
            "4. close": "231.7600",
            "5. volume": "399370"
        },
        "2024-12-10 15:50:00": {
            "1. open": "232.0800",
            "2. high": "232.3900",
            "3. low": "231.8550",
            "4. close": "231.9600",
            "5. volume": "111435"
        },
        "2024-12-10 15:45:00": {
            "1. open": "231.9100",
            "2. high": "232.2399",
            "3. low": "231.8900",
            "4. close": "232.1700",
            "5. volume": "60185"
        },
        "2024-12-10 15:40:00": {
            "1. open": "231.8600",
            "2. high": "232.0200",
            "3. low": "231.7900",
            "4. close": "231.9000",
            "5. volume": "86039"
        },
        "2024-12-10 15:35:00": {
            "1. open": "231.9925",
            "2. high": "232.1200",
            "3. low": "231.8100",
            "4. close": "231.8600",
            "5. volume": "79512"
        },
        "2024-12-10 15:30:00": {
            "1. open": "232.8500",
            "2. high": "232.8600",
            "3. low": "231.7194",
            "4. close": "231.9650",
            "5. volume": "111331"
        },
        "2024-12-10 15:25:00": {
            "1. open": "233.2700",
            "2. high": "233.3100",
            "3. low": "232.8400",
            "4. close": "232.8850",
            "5. volume": "49020"
        },
        "2024-12-10 15:20:00": {
            "1. open": "233.4500",
            "2. high": "233.4700",
            "3. low": "233.1800",
            "4. close": "233.2900",
            "5. volume": "89765"
        },
        "2024-12-10 15:15:00": {
            "1. open": "233.4000",
            "2. high": "233.5075",
            "3. low": "233.3100",
            "4. close": "233.4500",
            "5. volume": "34841"
        },
        "2024-12-10 15:10:00": {
            "1. open": "233.7600",
            "2. high": "233.8200",
            "3. low": "233.3600",
            "4. close": "233.4200",
            "5. volume": "26958"
        },
        "2024-12-10 15:05:00": {
            "1. open": "233.9300",
            "2. high": "233.9700",
            "3. low": "233.7550",
            "4. close": "233.7850",
            "5. volume": "34379"
        },
        "2024-12-10 15:00:00": {
            "1. open": "233.8101",
            "2. high": "233.9700",
            "3. low": "233.7600",
            "4. close": "233.8900",
            "5. volume": "40733"
        },
        "2024-12-10 14:55:00": {
            "1. open": "233.8600",
            "2. high": "233.9900",
            "3. low": "233.7800",
            "4. close": "233.8800",
            "5. volume": "32826"
        },
        "2024-12-10 14:50:00": {
            "1. open": "233.8200",
            "2. high": "233.9300",
            "3. low": "233.6700",
            "4. close": "233.8900",
            "5. volume": "25508"
        },
        "2024-12-10 14:45:00": {
            "1. open": "233.5600",
            "2. high": "233.8100",
            "3. low": "233.5400",
            "4. close": "233.7900",
            "5. volume": "25514"
        },
        "2024-12-10 14:40:00": {
            "1. open": "233.4400",
            "2. high": "233.6800",
            "3. low": "233.3604",
            "4. close": "233.5750",
            "5. volume": "20164"
        },
        "2024-12-10 14:35:00": {
            "1. open": "233.4350",
            "2. high": "233.5200",
            "3. low": "233.4000",
            "4. close": "233.4500",
            "5. volume": "20565"
        },
        "2024-12-10 14:30:00": {
            "1. open": "233.3300",
            "2. high": "233.5000",
            "3. low": "233.3300",
            "4. close": "233.4400",
            "5. volume": "24645"
        },
        "2024-12-10 14:25:00": {
            "1. open": "233.4550",
            "2. high": "233.5600",
            "3. low": "233.3300",
            "4. close": "233.3400",
            "5. volume": "17479"
        },
        "2024-12-10 14:20:00": {
            "1. open": "233.4999",
            "2. high": "233.5500",
            "3. low": "233.3374",
            "4. close": "233.4700",
            "5. volume": "21114"
        },
        "2024-12-10 14:15:00": {
            "1. open": "233.2500",
            "2. high": "233.4500",
            "3. low": "233.1600",
            "4. close": "233.4200",
            "5. volume": "21849"
        },
        "2024-12-10 14:10:00": {
            "1. open": "233.1700",
            "2. high": "233.2800",
            "3. low": "233.1090",
            "4. close": "233.2200",
            "5. volume": "20073"
        },
        "2024-12-10 14:05:00": {
            "1. open": "233.0500",
            "2. high": "233.2100",
            "3. low": "233.0400",
            "4. close": "233.1700",
            "5. volume": "17745"
        },
        "2024-12-10 14:00:00": {
            "1. open": "233.3500",
            "2. high": "233.3750",
            "3. low": "232.9600",
            "4. close": "233.0400",
            "5. volume": "26439"
        },
        "2024-12-10 13:55:00": {
            "1. open": "233.2150",
            "2. high": "233.3800",
            "3. low": "233.1500",
            "4. close": "233.3450",
            "5. volume": "23296"
        },
        "2024-12-10 13:50:00": {
            "1. open": "233.2300",
            "2. high": "233.3000",
            "3. low": "233.1607",
            "4. close": "233.1607",
            "5. volume": "13666"
        },
        "2024-12-10 13:45:00": {
            "1. open": "232.9450",
            "2. high": "233.2100",
            "3. low": "232.9100",
            "4. close": "233.2000",
            "5. volume": "26000"
        },
        "2024-12-10 13:40:00": {
            "1. open": "233.0987",
            "2. high": "233.0987",
            "3. low": "232.7900",
            "4. close": "232.9450",
            "5. volume": "20474"
        },
        "2024-12-10 13:35:00": {
            "1. open": "233.2700",
            "2. high": "233.3800",
            "3. low": "232.8750",
            "4. close": "233.1450",
            "5. volume": "37164"
        },
        "2024-12-10 13:30:00": {
            "1. open": "232.9700",
            "2. high": "233.2900",
            "3. low": "232.9400",
            "4. close": "233.1464",
            "5. volume": "30729"
        },
        "2024-12-10 13:25:00": {
            "1. open": "233.0900",
            "2. high": "233.1400",
            "3. low": "232.8100",
            "4. close": "233.0050",
            "5. volume": "23668"
        },
        "2024-12-10 13:20:00": {
            "1. open": "233.3800",
            "2. high": "233.3900",
            "3. low": "233.0481",
            "4. close": "233.0637",
            "5. volume": "17956"
        },
        "2024-12-10 13:15:00": {
            "1. open": "233.2500",
            "2. high": "233.3650",
            "3. low": "233.1800",
            "4. close": "233.3350",
            "5. volume": "16272"
        },
        "2024-12-10 13:10:00": {
            "1. open": "233.0700",
            "2. high": "233.2600",
            "3. low": "233.0010",
            "4. close": "233.2317",
            "5. volume": "19509"
        },
        "2024-12-10 13:05:00": {
            "1. open": "232.9500",
            "2. high": "233.1700",
            "3. low": "232.9500",
            "4. close": "233.1050",
            "5. volume": "20918"
        },
        "2024-12-10 13:00:00": {
            "1. open": "232.9700",
            "2. high": "233.0650",
            "3. low": "232.8200",
            "4. close": "232.9450",
            "5. volume": "20691"
        },
        "2024-12-10 12:55:00": {
            "1. open": "233.1400",
            "2. high": "233.3300",
            "3. low": "232.9500",
            "4. close": "232.9700",
            "5. volume": "49390"
        },
        "2024-12-10 12:50:00": {
            "1. open": "233.2500",
            "2. high": "233.3100",
            "3. low": "233.1000",
            "4. close": "233.1200",
            "5. volume": "16437"
        },
        "2024-12-10 12:45:00": {
            "1. open": "233.0800",
            "2. high": "233.3125",
            "3. low": "233.0800",
            "4. close": "233.3125",
            "5. volume": "16555"
        },
        "2024-12-10 12:40:00": {
            "1. open": "233.0400",
            "2. high": "233.1283",
            "3. low": "232.9600",
            "4. close": "233.1283",
            "5. volume": "20475"
        },
        "2024-12-10 12:35:00": {
            "1. open": "233.3100",
            "2. high": "233.3300",
            "3. low": "232.9900",
            "4. close": "233.0850",
            "5. volume": "16467"
        },
        "2024-12-10 12:30:00": {
            "1. open": "233.3800",
            "2. high": "233.3800",
            "3. low": "233.1100",
            "4. close": "233.3150",
            "5. volume": "17296"
        },
        "2024-12-10 12:25:00": {
            "1. open": "233.3200",
            "2. high": "233.4999",
            "3. low": "233.1802",
            "4. close": "233.3600",
            "5. volume": "29491"
        },
        "2024-12-10 12:20:00": {
            "1. open": "233.4050",
            "2. high": "233.5400",
            "3. low": "233.2950",
            "4. close": "233.3400",
            "5. volume": "13004"
        },
        "2024-12-10 12:15:00": {
            "1. open": "233.7400",
            "2. high": "233.7600",
            "3. low": "233.3401",
            "4. close": "233.3749",
            "5. volume": "20165"
        },
        "2024-12-10 12:10:00": {
            "1. open": "233.8700",
            "2. high": "233.9851",
            "3. low": "233.7400",
            "4. close": "233.7629",
            "5. volume": "18395"
        },
        "2024-12-10 12:05:00": {
            "1. open": "233.4200",
            "2. high": "233.9200",
            "3. low": "233.3800",
            "4. close": "233.8500",
            "5. volume": "22129"
        },
        "2024-12-10 12:00:00": {
            "1. open": "233.1705",
            "2. high": "233.5200",
            "3. low": "233.0200",
            "4. close": "233.3800",
            "5. volume": "36794"
        },
        "2024-12-10 11:55:00": {
            "1. open": "233.3650",
            "2. high": "233.5500",
            "3. low": "233.1500",
            "4. close": "233.1700",
            "5. volume": "25508"
        },
        "2024-12-10 11:50:00": {
            "1. open": "233.7550",
            "2. high": "233.8750",
            "3. low": "233.4200",
            "4. close": "233.4750",
            "5. volume": "25872"
        },
        "2024-12-10 11:45:00": {
            "1. open": "233.8000",
            "2. high": "233.9898",
            "3. low": "233.7050",
            "4. close": "233.7050",
            "5. volume": "24741"
        },
        "2024-12-10 11:40:00": {
            "1. open": "233.5201",
            "2. high": "233.8700",
            "3. low": "233.4600",
            "4. close": "233.8700",
            "5. volume": "30024"
        },
        "2024-12-10 11:35:00": {
            "1. open": "233.5200",
            "2. high": "233.6300",
            "3. low": "233.3300",
            "4. close": "233.6300",
            "5. volume": "30225"
        }
    }
}